PhotoID,AccommodationID,PhotoURL
1,1,https://placekitten.com/295/692
2,1,https://picsum.photos/422/329
3,1,https://dummyimage.com/742x294
4,1,https://dummyimage.com/946x28
5,1,https://dummyimage.com/842x271
6,2,https://dummyimage.com/116x700
7,2,https://dummyimage.com/927x326
8,2,https://picsum.photos/5/881
9,2,https://placekitten.com/730/863
10,2,https://placekitten.com/493/877
11,3,https://picsum.photos/332/727
12,3,https://dummyimage.com/863x503
13,3,https://picsum.photos/149/585
14,3,https://picsum.photos/555/928
15,3,https://dummyimage.com/216x427
16,3,https://dummyimage.com/14x920
17,3,https://picsum.photos/423/1013
18,4,https://placekitten.com/232/536
19,4,https://placekitten.com/343/391
20,4,https://placekitten.com/778/813
21,4,https://dummyimage.com/978x952
22,4,https://dummyimage.com/934x956
23,4,https://placekitten.com/788/544
24,4,https://placekitten.com/255/833
25,5,https://picsum.photos/937/70
26,5,https://picsum.photos/289/751
27,5,https://picsum.photos/900/794
28,5,https://dummyimage.com/197x858
29,5,https://picsum.photos/470/826
30,6,https://dummyimage.com/268x545
31,6,https://dummyimage.com/863x650
32,6,https://picsum.photos/570/123
33,6,https://placekitten.com/224/40
34,6,https://picsum.photos/505/579
35,6,https://dummyimage.com/63x210
36,6,https://picsum.photos/198/469
37,6,https://dummyimage.com/173x641
38,7,https://dummyimage.com/550x820
39,7,https://placekitten.com/908/167
40,7,https://placekitten.com/795/157
41,7,https://picsum.photos/895/834
42,7,https://dummyimage.com/589x720
43,7,https://placekitten.com/991/952
44,7,https://picsum.photos/449/633
45,7,https://placekitten.com/895/687
46,8,https://dummyimage.com/286x612
47,8,https://picsum.photos/351/351
48,9,https://dummyimage.com/355x307
49,9,https://dummyimage.com/454x893
50,9,https://placekitten.com/857/977
51,9,https://placekitten.com/500/327
52,10,https://picsum.photos/754/652
53,10,https://dummyimage.com/420x37
54,10,https://picsum.photos/300/972
55,10,https://placekitten.com/472/723
56,10,https://picsum.photos/459/53
57,10,https://placekitten.com/304/127
58,10,https://dummyimage.com/128x443
59,10,https://placekitten.com/149/794
60,11,https://placekitten.com/711/277
61,11,https://dummyimage.com/157x125
62,11,https://placekitten.com/881/500
63,11,https://placekitten.com/107/391
64,12,https://picsum.photos/744/158
65,12,https://dummyimage.com/4x768
66,12,https://picsum.photos/900/453
67,12,https://dummyimage.com/501x425
68,12,https://dummyimage.com/589x845
69,12,https://placekitten.com/1002/622
70,13,https://placekitten.com/667/970
71,13,https://dummyimage.com/708x864
72,13,https://dummyimage.com/877x355
73,13,https://dummyimage.com/510x170
74,13,https://placekitten.com/534/8
75,13,https://dummyimage.com/308x880
76,14,https://picsum.photos/690/567
77,14,https://dummyimage.com/462x102
78,14,https://picsum.photos/327/157
79,14,https://picsum.photos/88/660
80,14,https://dummyimage.com/838x607
81,15,https://placekitten.com/359/342
82,15,https://placekitten.com/868/391
83,15,https://dummyimage.com/901x682
84,15,https://picsum.photos/122/643
85,15,https://placekitten.com/465/923
86,15,https://dummyimage.com/325x402
87,16,https://dummyimage.com/186x32
88,17,https://picsum.photos/529/161
89,17,https://placekitten.com/358/834
90,17,https://placekitten.com/821/469
91,17,https://picsum.photos/601/489
92,17,https://placekitten.com/752/590
93,17,https://dummyimage.com/318x316
94,17,https://picsum.photos/260/856
95,17,https://dummyimage.com/171x604
96,17,https://dummyimage.com/36x405
97,17,https://placekitten.com/245/922
98,18,https://dummyimage.com/347x166
99,18,https://placekitten.com/360/29
100,18,https://picsum.photos/921/422
101,18,https://picsum.photos/848/401
102,18,https://placekitten.com/785/510
103,18,https://picsum.photos/362/964
104,18,https://placekitten.com/864/302
105,18,https://dummyimage.com/747x197
106,19,https://picsum.photos/540/962
107,19,https://dummyimage.com/845x490
108,19,https://placekitten.com/766/960
109,19,https://picsum.photos/429/683
110,19,https://dummyimage.com/89x58
111,19,https://dummyimage.com/614x508
112,20,https://placekitten.com/39/960
113,20,https://dummyimage.com/951x272
114,20,https://placekitten.com/621/265
115,21,https://placekitten.com/815/550
116,21,https://placekitten.com/191/981
117,21,https://dummyimage.com/1006x119
118,21,https://placekitten.com/640/256
119,21,https://picsum.photos/829/350
120,21,https://placekitten.com/238/902
121,21,https://dummyimage.com/325x952
122,21,https://placekitten.com/143/563
123,22,https://dummyimage.com/178x435
124,22,https://picsum.photos/589/84
125,22,https://placekitten.com/838/945
126,23,https://picsum.photos/643/591
127,23,https://dummyimage.com/521x248
128,23,https://picsum.photos/30/887
129,23,https://dummyimage.com/750x38
130,23,https://picsum.photos/482/414
131,23,https://picsum.photos/626/175
132,24,https://dummyimage.com/765x888
133,24,https://placekitten.com/212/809
134,24,https://placekitten.com/261/98
135,25,https://placekitten.com/69/639
136,25,https://picsum.photos/870/453
137,26,https://dummyimage.com/828x675
138,27,https://placekitten.com/760/601
139,27,https://dummyimage.com/104x909
140,27,https://dummyimage.com/669x21
141,27,https://placekitten.com/676/648
142,27,https://picsum.photos/501/614
143,27,https://dummyimage.com/788x1014
144,27,https://dummyimage.com/326x519
145,27,https://dummyimage.com/634x436
146,28,https://picsum.photos/212/326
147,28,https://picsum.photos/107/694
148,28,https://dummyimage.com/841x931
149,28,https://dummyimage.com/674x665
150,28,https://dummyimage.com/357x966
151,28,https://picsum.photos/985/768
152,28,https://placekitten.com/265/739
153,28,https://picsum.photos/323/337
154,28,https://dummyimage.com/763x199
155,28,https://placekitten.com/418/982
156,29,https://picsum.photos/39/189
157,29,https://dummyimage.com/442x561
158,29,https://picsum.photos/854/102
159,29,https://picsum.photos/132/549
160,29,https://placekitten.com/212/794
161,29,https://placekitten.com/796/512
162,29,https://placekitten.com/457/897
163,29,https://placekitten.com/384/461
164,30,https://picsum.photos/955/6
165,30,https://placekitten.com/375/458
166,30,https://picsum.photos/192/702
167,30,https://picsum.photos/404/211
168,31,https://placekitten.com/843/806
169,32,https://placekitten.com/876/964
170,32,https://dummyimage.com/971x1012
171,32,https://picsum.photos/653/769
172,32,https://dummyimage.com/495x321
173,32,https://picsum.photos/121/999
174,32,https://picsum.photos/298/103
175,32,https://dummyimage.com/980x79
176,32,https://picsum.photos/518/864
177,33,https://placekitten.com/244/664
178,33,https://dummyimage.com/843x230
179,33,https://picsum.photos/89/479
180,33,https://picsum.photos/65/507
181,33,https://placekitten.com/240/335
182,33,https://placekitten.com/421/385
183,33,https://placekitten.com/17/482
184,34,https://dummyimage.com/906x866
185,34,https://dummyimage.com/264x373
186,34,https://dummyimage.com/213x529
187,34,https://placekitten.com/14/561
188,34,https://placekitten.com/262/522
189,34,https://dummyimage.com/130x312
190,34,https://picsum.photos/696/450
191,35,https://placekitten.com/584/73
192,36,https://placekitten.com/48/42
193,36,https://picsum.photos/227/623
194,36,https://picsum.photos/3/952
195,36,https://picsum.photos/557/339
196,36,https://dummyimage.com/396x615
197,36,https://picsum.photos/5/346
198,36,https://dummyimage.com/185x175
199,36,https://picsum.photos/681/233
200,37,https://placekitten.com/60/938
201,37,https://picsum.photos/522/1014
202,37,https://picsum.photos/629/335
203,37,https://picsum.photos/818/66
204,37,https://dummyimage.com/200x174
205,37,https://dummyimage.com/717x596
206,37,https://placekitten.com/882/437
207,37,https://placekitten.com/254/490
208,37,https://picsum.photos/723/580
209,37,https://placekitten.com/681/169
210,38,https://placekitten.com/84/341
211,38,https://picsum.photos/483/974
212,38,https://dummyimage.com/637x473
213,38,https://dummyimage.com/304x402
214,38,https://dummyimage.com/375x166
215,38,https://placekitten.com/102/656
216,38,https://picsum.photos/240/645
217,38,https://picsum.photos/437/913
218,39,https://placekitten.com/764/973
219,39,https://dummyimage.com/592x895
220,39,https://dummyimage.com/1004x384
221,39,https://picsum.photos/635/812
222,39,https://placekitten.com/80/565
223,39,https://dummyimage.com/519x924
224,39,https://picsum.photos/636/446
225,39,https://picsum.photos/946/258
226,39,https://picsum.photos/741/176
227,39,https://dummyimage.com/963x919
228,40,https://picsum.photos/596/537
229,40,https://placekitten.com/397/263
230,40,https://dummyimage.com/363x994
231,40,https://dummyimage.com/402x316
232,40,https://dummyimage.com/404x442
233,40,https://placekitten.com/549/320
234,40,https://picsum.photos/414/841
235,40,https://dummyimage.com/408x477
236,40,https://placekitten.com/25/457
237,41,https://dummyimage.com/672x937
238,41,https://dummyimage.com/960x293
239,41,https://picsum.photos/540/35
240,41,https://placekitten.com/252/207
241,42,https://dummyimage.com/889x471
242,42,https://picsum.photos/446/1017
243,42,https://dummyimage.com/460x43
244,42,https://picsum.photos/604/177
245,42,https://dummyimage.com/865x428
246,42,https://picsum.photos/432/957
247,43,https://placekitten.com/708/443
248,43,https://dummyimage.com/65x6
249,43,https://placekitten.com/317/428
250,43,https://picsum.photos/236/725
251,43,https://picsum.photos/603/198
252,43,https://placekitten.com/385/457
253,43,https://dummyimage.com/713x554
254,43,https://placekitten.com/500/860
255,44,https://picsum.photos/344/684
