ProfileID,UserID,Bio,ProfilePicture,SocialNetworkLink
1,21,"Kind-hearted and enjoys hiking, working as a photographer, with a dream to innovate in technology.",https://placekitten.com/555/253,https://twitter.com/jgonzalez
2,22,"Optimistic and loves painting, working as a software developer, with a dream to build meaningful connections.",https://placekitten.com/423/910,https://instagram.com/angela33
3,23,"Outgoing and is a food lover, working as a chef, with a dream to start a global movement.",https://placekitten.com/13/119,https://instagram.com/denisewilcox
4,24,"Optimistic and is a bookworm, working as a scientist, with a dream to create stunning art.",https://placekitten.com/96/1001,https://twitter.com/donald13
5,25,"Curious and dances salsa, working as a software developer, with a dream to change the world.",https://picsum.photos/491/74,https://linkedin.com/in/jack04
6,26,"Curious and loves painting, working as a software developer, with a dream to lead a healthier life.",https://placekitten.com/298/638,https://linkedin.com/in/wilsonsherry
7,27,"Passionate and is a food lover, working as a scientist, with a dream to inspire others.",https://picsum.photos/16/898,https://twitter.com/knightryan
8,28,"Ambitious and enjoys hiking, working as an entrepreneur, with a dream to inspire others.",https://picsum.photos/294/18,https://facebook.com/pnolan
9,29,"Optimistic and is a food lover, working as an author, with a dream to learn something new every day.",https://dummyimage.com/650x764,https://twitter.com/nsparks
10,30,"Driven and plays the guitar, working as a musician, with a dream to learn something new every day.",https://dummyimage.com/379x983,https://facebook.com/davidgarcia
11,31,"Passionate and dances salsa, working as an entrepreneur, with a dream to write a best-selling novel.",https://placekitten.com/711/757,https://facebook.com/eterry
12,32,"Kind-hearted and dances salsa, working as an author, with a dream to explore new cultures.",https://placekitten.com/248/903,https://instagram.com/jennifer34
13,33,"Outgoing and writes poetry, working as a teacher, with a dream to inspire others.",https://picsum.photos/740/349,https://twitter.com/bstrong
14,34,"Passionate and is a bookworm, working as an author, with a dream to lead a healthier life.",https://placekitten.com/535/921,https://facebook.com/jeremystephens
15,35,"Creative and is a marathon runner, working as a software developer, with a dream to innovate in technology.",https://dummyimage.com/804x540,https://instagram.com/kristin83
16,36,"Ambitious and loves painting, working as a photographer, with a dream to write a best-selling novel.",https://picsum.photos/490/520,https://facebook.com/walkermichael
17,37,"Outgoing and travels the world, working as a musician, with a dream to explore new cultures.",https://placekitten.com/451/746,https://instagram.com/alvarezcheryl
18,38,"Passionate and writes poetry, working as a fitness trainer, with a dream to start a global movement.",https://picsum.photos/312/747,https://instagram.com/hilldavid
19,39,"Outgoing and is a bookworm, working as a musician, with a dream to write a best-selling novel.",https://placekitten.com/474/691,https://linkedin.com/in/barbara34
20,40,"Creative and loves painting, working as a scientist, with a dream to write a best-selling novel.",https://dummyimage.com/272x698,https://twitter.com/charlespage
21,41,"Creative and is a marathon runner, working as an entrepreneur, with a dream to inspire others.",https://dummyimage.com/857x122,https://instagram.com/jmejia
22,42,"Ambitious and loves painting, working as a designer, with a dream to lead a healthier life.",https://placekitten.com/872/790,https://linkedin.com/in/ucrawford
23,43,"Curious and dances salsa, working as a designer, with a dream to build meaningful connections.",https://picsum.photos/672/873,https://facebook.com/sarahwebb
24,44,"Optimistic and loves painting, working as a fitness trainer, with a dream to lead a healthier life.",https://dummyimage.com/636x961,https://instagram.com/riveradylan
25,45,"Outgoing and writes poetry, working as a photographer, with a dream to learn something new every day.",https://dummyimage.com/249x807,https://twitter.com/wwilliams
26,46,"Passionate and is a bookworm, working as a musician, with a dream to start a global movement.",https://dummyimage.com/340x96,https://facebook.com/ycarroll
27,47,"Driven and is a food lover, working as a software developer, with a dream to lead a healthier life.",https://placekitten.com/505/934,https://linkedin.com/in/lgibson
28,48,"Creative and plays the guitar, working as a chef, with a dream to create stunning art.",https://picsum.photos/655/745,https://facebook.com/nelsonchristopher
29,49,"Kind-hearted and dances salsa, working as an author, with a dream to explore new cultures.",https://dummyimage.com/535x900,https://instagram.com/moodykevin
30,50,"Curious and is a marathon runner, working as a fitness trainer, with a dream to write a best-selling novel.",https://picsum.photos/349/747,https://twitter.com/williamsrachael
31,51,"Curious and travels the world, working as a software developer, with a dream to inspire others.",https://dummyimage.com/509x605,https://facebook.com/jessica85
32,52,"Kind-hearted and dances salsa, working as a designer, with a dream to learn something new every day.",https://placekitten.com/345/646,https://linkedin.com/in/smithjason
33,53,"Dedicated and loves painting, working as a teacher, with a dream to change the world.",https://dummyimage.com/73x181,https://twitter.com/elizabethwilliams
34,54,"Curious and is a bookworm, working as a fitness trainer, with a dream to build meaningful connections.",https://placekitten.com/745/121,https://linkedin.com/in/leslie05
35,55,"Passionate and loves painting, working as an author, with a dream to change the world.",https://placekitten.com/863/617,https://linkedin.com/in/bradcase
36,56,"Kind-hearted and is a bookworm, working as a chef, with a dream to lead a healthier life.",https://placekitten.com/163/304,https://twitter.com/scottsanchez
37,57,"Passionate and is a marathon runner, working as a teacher, with a dream to create stunning art.",https://dummyimage.com/340x506,https://facebook.com/michaelbranch
38,58,"Passionate and is a bookworm, working as a fitness trainer, with a dream to change the world.",https://dummyimage.com/985x479,https://linkedin.com/in/buckpeggy
39,59,"Dedicated and enjoys hiking, working as a musician, with a dream to learn something new every day.",https://placekitten.com/630/927,https://twitter.com/creid
40,60,"Optimistic and dances salsa, working as an author, with a dream to build meaningful connections.",https://picsum.photos/404/120,https://facebook.com/preynolds
41,61,"Outgoing and is a food lover, working as a software developer, with a dream to start a global movement.",https://picsum.photos/91/8,https://linkedin.com/in/nathaniel21
42,62,"Creative and travels the world, working as a designer, with a dream to explore new cultures.",https://dummyimage.com/116x900,https://twitter.com/stephenchandler
43,63,"Dedicated and plays the guitar, working as a musician, with a dream to lead a healthier life.",https://placekitten.com/337/55,https://instagram.com/carlosharvey
44,64,"Driven and plays the guitar, working as an entrepreneur, with a dream to change the world.",https://picsum.photos/810/437,https://facebook.com/matthewwallace
45,65,"Optimistic and plays the guitar, working as a fitness trainer, with a dream to start a global movement.",https://dummyimage.com/157x10,https://twitter.com/richard33
46,66,"Optimistic and plays the guitar, working as a teacher, with a dream to change the world.",https://placekitten.com/876/882,https://linkedin.com/in/leechristopher
47,67,"Ambitious and enjoys hiking, working as a fitness trainer, with a dream to start a global movement.",https://dummyimage.com/421x751,https://linkedin.com/in/markcombs
48,68,"Outgoing and travels the world, working as a chef, with a dream to create stunning art.",https://placekitten.com/376/983,https://instagram.com/william33
49,69,"Ambitious and enjoys hiking, working as a photographer, with a dream to write a best-selling novel.",https://dummyimage.com/427x53,https://linkedin.com/in/heather19
50,70,"Creative and enjoys hiking, working as a teacher, with a dream to build meaningful connections.",https://placekitten.com/288/738,https://facebook.com/lcordova
51,71,"Driven and enjoys hiking, working as an author, with a dream to innovate in technology.",https://picsum.photos/96/472,https://linkedin.com/in/kristina99
52,72,"Kind-hearted and writes poetry, working as an author, with a dream to learn something new every day.",https://placekitten.com/919/917,https://twitter.com/brownjenny
53,73,"Driven and is a marathon runner, working as a teacher, with a dream to lead a healthier life.",https://picsum.photos/802/352,https://linkedin.com/in/cnewton
54,74,"Outgoing and loves painting, working as an entrepreneur, with a dream to learn something new every day.",https://dummyimage.com/310x490,https://linkedin.com/in/chall
55,75,"Creative and writes poetry, working as a scientist, with a dream to explore new cultures.",https://placekitten.com/342/29,https://instagram.com/jamesfields
56,76,"Dedicated and photographs wildlife, working as a musician, with a dream to lead a healthier life.",https://placekitten.com/966/5,https://twitter.com/blevinsjoshua
57,77,"Passionate and writes poetry, working as a teacher, with a dream to create stunning art.",https://placekitten.com/836/957,https://linkedin.com/in/williamwhite
58,78,"Passionate and travels the world, working as an author, with a dream to learn something new every day.",https://dummyimage.com/251x258,https://instagram.com/heathermason
59,79,"Optimistic and enjoys hiking, working as a teacher, with a dream to write a best-selling novel.",https://placekitten.com/357/613,https://twitter.com/millervanessa
60,80,"Driven and dances salsa, working as a chef, with a dream to start a global movement.",https://placekitten.com/344/798,https://linkedin.com/in/elizabeth68
61,81,"Outgoing and is a food lover, working as a software developer, with a dream to build meaningful connections.",https://picsum.photos/314/526,https://linkedin.com/in/bserrano
62,82,"Curious and writes poetry, working as an author, with a dream to build meaningful connections.",https://dummyimage.com/394x481,https://twitter.com/melissa63
63,83,"Passionate and enjoys hiking, working as a software developer, with a dream to lead a healthier life.",https://picsum.photos/97/273,https://instagram.com/hwhite
64,84,"Kind-hearted and is a food lover, working as a musician, with a dream to inspire others.",https://dummyimage.com/983x375,https://linkedin.com/in/twalker
65,85,"Ambitious and travels the world, working as a scientist, with a dream to lead a healthier life.",https://placekitten.com/691/185,https://instagram.com/schwartzjeffrey
66,86,"Driven and is a bookworm, working as a software developer, with a dream to explore new cultures.",https://picsum.photos/254/44,https://linkedin.com/in/ihooper
67,87,"Kind-hearted and is a bookworm, working as a scientist, with a dream to learn something new every day.",https://picsum.photos/461/350,https://linkedin.com/in/rebecca80
68,88,"Kind-hearted and is a marathon runner, working as a musician, with a dream to write a best-selling novel.",https://placekitten.com/174/646,https://instagram.com/chrisbaker
69,89,"Optimistic and travels the world, working as a teacher, with a dream to change the world.",https://dummyimage.com/731x193,https://linkedin.com/in/johnconner
70,90,"Optimistic and is a bookworm, working as a chef, with a dream to build meaningful connections.",https://dummyimage.com/908x259,https://linkedin.com/in/isaac34
71,91,"Optimistic and is a food lover, working as a fitness trainer, with a dream to write a best-selling novel.",https://picsum.photos/385/927,https://facebook.com/efitzgerald
72,92,"Optimistic and enjoys hiking, working as a chef, with a dream to innovate in technology.",https://placekitten.com/272/343,https://linkedin.com/in/ssmith
73,93,"Creative and plays the guitar, working as a photographer, with a dream to learn something new every day.",https://dummyimage.com/963x204,https://twitter.com/sandraturner
74,94,"Creative and plays the guitar, working as an author, with a dream to create stunning art.",https://placekitten.com/746/965,https://instagram.com/fhanson
75,95,"Outgoing and dances salsa, working as a musician, with a dream to create stunning art.",https://picsum.photos/94/450,https://twitter.com/woodsamanda
76,96,"Passionate and dances salsa, working as an author, with a dream to learn something new every day.",https://placekitten.com/1003/905,https://facebook.com/whitneysmith
77,97,"Outgoing and travels the world, working as a designer, with a dream to inspire others.",https://dummyimage.com/1000x904,https://linkedin.com/in/oliverrebecca
78,98,"Passionate and enjoys hiking, working as a photographer, with a dream to write a best-selling novel.",https://dummyimage.com/953x959,https://twitter.com/njenkins
79,99,"Driven and photographs wildlife, working as a musician, with a dream to inspire others.",https://picsum.photos/981/619,https://instagram.com/lindsay25
80,100,"Dedicated and enjoys hiking, working as an entrepreneur, with a dream to start a global movement.",https://dummyimage.com/471x194,https://twitter.com/twalker
81,101,"Ambitious and travels the world, working as a designer, with a dream to create stunning art.",https://dummyimage.com/880x44,https://twitter.com/yvonne30
82,102,"Dedicated and dances salsa, working as an author, with a dream to explore new cultures.",https://dummyimage.com/523x450,https://twitter.com/lynnscott
83,103,"Thoughtful and plays the guitar, working as a software developer, with a dream to lead a healthier life.",https://placekitten.com/1008/464,https://twitter.com/uchoi
84,104,"Dedicated and travels the world, working as a scientist, with a dream to create stunning art.",https://placekitten.com/494/953,https://twitter.com/jamesamy
85,105,"Dedicated and travels the world, working as a photographer, with a dream to innovate in technology.",https://picsum.photos/356/439,https://instagram.com/clarkjoseph
86,106,"Thoughtful and is a food lover, working as a software developer, with a dream to change the world.",https://dummyimage.com/298x824,https://facebook.com/jenna16
87,107,"Outgoing and plays the guitar, working as a musician, with a dream to start a global movement.",https://dummyimage.com/855x354,https://facebook.com/dconway
88,108,"Optimistic and dances salsa, working as a scientist, with a dream to build meaningful connections.",https://dummyimage.com/288x15,https://instagram.com/pauljeremy
89,109,"Ambitious and plays the guitar, working as a fitness trainer, with a dream to create stunning art.",https://picsum.photos/974/238,https://facebook.com/christine20
90,110,"Kind-hearted and travels the world, working as a fitness trainer, with a dream to write a best-selling novel.",https://picsum.photos/486/756,https://twitter.com/gbonilla
91,111,"Optimistic and is a food lover, working as a chef, with a dream to write a best-selling novel.",https://placekitten.com/48/613,https://facebook.com/danarobinson
92,112,"Thoughtful and dances salsa, working as a fitness trainer, with a dream to learn something new every day.",https://placekitten.com/787/1018,https://instagram.com/cuevasjessica
93,113,"Outgoing and loves painting, working as an author, with a dream to inspire others.",https://placekitten.com/726/223,https://instagram.com/pthomas
94,114,"Ambitious and is a food lover, working as an entrepreneur, with a dream to write a best-selling novel.",https://dummyimage.com/668x751,https://instagram.com/ashley69
95,115,"Outgoing and enjoys hiking, working as a scientist, with a dream to create stunning art.",https://picsum.photos/366/1011,https://instagram.com/dawnholt
96,116,"Curious and loves painting, working as a musician, with a dream to learn something new every day.",https://picsum.photos/167/96,https://linkedin.com/in/brianlong
97,117,"Kind-hearted and is a marathon runner, working as a chef, with a dream to build meaningful connections.",https://picsum.photos/355/472,https://facebook.com/francisdakota
98,118,"Thoughtful and dances salsa, working as a photographer, with a dream to write a best-selling novel.",https://picsum.photos/278/21,https://instagram.com/sanchezrhonda
99,119,"Creative and plays the guitar, working as a musician, with a dream to start a global movement.",https://placekitten.com/305/856,https://instagram.com/vmoon
100,120,"Optimistic and enjoys hiking, working as a musician, with a dream to inspire others.",https://dummyimage.com/483x490,https://twitter.com/gonzalesdebra
101,121,"Optimistic and is a marathon runner, working as a fitness trainer, with a dream to create stunning art.",https://placekitten.com/794/579,https://facebook.com/christophercarter
102,122,"Thoughtful and is a marathon runner, working as an author, with a dream to innovate in technology.",https://placekitten.com/221/947,https://linkedin.com/in/philip31
103,123,"Creative and enjoys hiking, working as a fitness trainer, with a dream to write a best-selling novel.",https://picsum.photos/366/129,https://twitter.com/jonestodd
104,124,"Dedicated and enjoys hiking, working as a photographer, with a dream to build meaningful connections.",https://placekitten.com/876/663,https://instagram.com/mbutler
105,125,"Outgoing and is a bookworm, working as a teacher, with a dream to explore new cultures.",https://picsum.photos/490/146,https://linkedin.com/in/williamsonrebecca
106,126,"Dedicated and is a bookworm, working as a photographer, with a dream to innovate in technology.",https://placekitten.com/461/494,https://twitter.com/bennettbarbara
107,127,"Thoughtful and loves painting, working as a musician, with a dream to write a best-selling novel.",https://dummyimage.com/328x901,https://facebook.com/cooleyadrienne
108,128,"Kind-hearted and is a marathon runner, working as an author, with a dream to build meaningful connections.",https://placekitten.com/160/46,https://instagram.com/nancypowell
109,129,"Passionate and travels the world, working as an author, with a dream to explore new cultures.",https://picsum.photos/964/483,https://instagram.com/katherinecruz
110,130,"Ambitious and loves painting, working as a chef, with a dream to write a best-selling novel.",https://picsum.photos/866/426,https://instagram.com/stephanie01
111,131,"Curious and plays the guitar, working as a teacher, with a dream to change the world.",https://picsum.photos/356/136,https://twitter.com/rebecca89
112,132,"Ambitious and enjoys hiking, working as an entrepreneur, with a dream to write a best-selling novel.",https://placekitten.com/622/115,https://instagram.com/ycook
113,133,"Passionate and enjoys hiking, working as a scientist, with a dream to start a global movement.",https://picsum.photos/933/421,https://facebook.com/maciasjeremiah
114,134,"Ambitious and travels the world, working as a teacher, with a dream to start a global movement.",https://placekitten.com/878/683,https://linkedin.com/in/kellywilliams
115,135,"Passionate and travels the world, working as a fitness trainer, with a dream to learn something new every day.",https://placekitten.com/510/751,https://twitter.com/christopherobrien
116,136,"Dedicated and is a marathon runner, working as a scientist, with a dream to build meaningful connections.",https://dummyimage.com/854x1005,https://facebook.com/christopherthompson
117,137,"Kind-hearted and travels the world, working as a chef, with a dream to inspire others.",https://dummyimage.com/428x407,https://facebook.com/imurphy
118,138,"Curious and plays the guitar, working as a musician, with a dream to build meaningful connections.",https://dummyimage.com/252x383,https://facebook.com/simmonsjames
119,139,"Optimistic and writes poetry, working as an entrepreneur, with a dream to learn something new every day.",https://placekitten.com/770/756,https://instagram.com/michaeldavenport
120,140,"Curious and loves painting, working as a teacher, with a dream to start a global movement.",https://picsum.photos/461/824,https://facebook.com/christopherlopez
121,141,"Ambitious and photographs wildlife, working as an entrepreneur, with a dream to lead a healthier life.",https://dummyimage.com/276x403,https://linkedin.com/in/huntermatthew
122,142,"Curious and writes poetry, working as a photographer, with a dream to start a global movement.",https://placekitten.com/187/929,https://linkedin.com/in/shawnweiss
123,143,"Thoughtful and is a bookworm, working as a scientist, with a dream to create stunning art.",https://placekitten.com/791/774,https://facebook.com/ashley43
124,144,"Outgoing and is a food lover, working as a teacher, with a dream to inspire others.",https://dummyimage.com/12x22,https://facebook.com/murphydebbie
125,145,"Ambitious and writes poetry, working as an author, with a dream to learn something new every day.",https://placekitten.com/824/360,https://linkedin.com/in/vwu
126,146,"Dedicated and is a bookworm, working as an author, with a dream to create stunning art.",https://dummyimage.com/817x950,https://twitter.com/cmaxwell
127,147,"Ambitious and is a food lover, working as a fitness trainer, with a dream to write a best-selling novel.",https://picsum.photos/200/624,https://linkedin.com/in/icampbell
128,148,"Creative and photographs wildlife, working as a designer, with a dream to learn something new every day.",https://placekitten.com/754/980,https://linkedin.com/in/johnsontodd
129,149,"Driven and is a food lover, working as a software developer, with a dream to inspire others.",https://placekitten.com/457/571,https://linkedin.com/in/stoutgeorge
130,150,"Ambitious and is a bookworm, working as a musician, with a dream to learn something new every day.",https://picsum.photos/286/404,https://instagram.com/huntergarcia
131,151,"Curious and plays the guitar, working as an entrepreneur, with a dream to innovate in technology.",https://picsum.photos/388/479,https://facebook.com/michaelhunter
132,152,"Outgoing and loves painting, working as a photographer, with a dream to learn something new every day.",https://picsum.photos/945/678,https://facebook.com/efowler
133,153,"Ambitious and enjoys hiking, working as a chef, with a dream to learn something new every day.",https://placekitten.com/385/930,https://linkedin.com/in/haleytommy
134,154,"Creative and photographs wildlife, working as a musician, with a dream to explore new cultures.",https://placekitten.com/60/626,https://twitter.com/obender
135,155,"Optimistic and is a food lover, working as a teacher, with a dream to change the world.",https://placekitten.com/663/560,https://linkedin.com/in/usantos
136,156,"Passionate and enjoys hiking, working as a teacher, with a dream to lead a healthier life.",https://picsum.photos/693/215,https://twitter.com/jessica65
137,157,"Optimistic and plays the guitar, working as a musician, with a dream to innovate in technology.",https://dummyimage.com/875x973,https://linkedin.com/in/yperry
138,158,"Curious and writes poetry, working as an author, with a dream to explore new cultures.",https://picsum.photos/644/216,https://facebook.com/carolcarpenter
139,159,"Optimistic and writes poetry, working as an entrepreneur, with a dream to inspire others.",https://placekitten.com/383/96,https://linkedin.com/in/erin62
140,160,"Outgoing and dances salsa, working as a chef, with a dream to create stunning art.",https://placekitten.com/929/250,https://linkedin.com/in/susan03
141,161,"Passionate and dances salsa, working as a chef, with a dream to learn something new every day.",https://picsum.photos/43/389,https://facebook.com/stephen93
142,162,"Optimistic and dances salsa, working as a designer, with a dream to change the world.",https://dummyimage.com/441x274,https://linkedin.com/in/ericpatterson
143,163,"Dedicated and plays the guitar, working as a chef, with a dream to innovate in technology.",https://picsum.photos/104/696,https://twitter.com/teresalewis
144,164,"Optimistic and is a bookworm, working as an entrepreneur, with a dream to write a best-selling novel.",https://picsum.photos/80/755,https://facebook.com/tonya84
145,165,"Kind-hearted and is a food lover, working as a scientist, with a dream to innovate in technology.",https://picsum.photos/336/354,https://linkedin.com/in/ydixon
146,166,"Kind-hearted and writes poetry, working as a teacher, with a dream to start a global movement.",https://placekitten.com/704/535,https://twitter.com/michael50
147,167,"Creative and plays the guitar, working as a fitness trainer, with a dream to lead a healthier life.",https://dummyimage.com/4x309,https://instagram.com/rblair
148,168,"Ambitious and enjoys hiking, working as a designer, with a dream to write a best-selling novel.",https://dummyimage.com/994x527,https://instagram.com/davisdebra
149,169,"Driven and writes poetry, working as a photographer, with a dream to inspire others.",https://picsum.photos/489/387,https://facebook.com/jacqueline49
150,170,"Curious and dances salsa, working as a scientist, with a dream to inspire others.",https://picsum.photos/593/539,https://linkedin.com/in/jonessherry
151,171,"Dedicated and travels the world, working as a fitness trainer, with a dream to explore new cultures.",https://dummyimage.com/216x1012,https://twitter.com/yrichmond
152,172,"Kind-hearted and enjoys hiking, working as a fitness trainer, with a dream to create stunning art.",https://dummyimage.com/1015x622,https://instagram.com/johnferguson
153,173,"Creative and loves painting, working as a photographer, with a dream to innovate in technology.",https://placekitten.com/820/452,https://linkedin.com/in/dennisphillips
154,174,"Driven and photographs wildlife, working as an entrepreneur, with a dream to lead a healthier life.",https://dummyimage.com/280x196,https://instagram.com/mtate
155,175,"Ambitious and is a bookworm, working as an entrepreneur, with a dream to build meaningful connections.",https://placekitten.com/617/130,https://instagram.com/cranekelsey
156,176,"Optimistic and plays the guitar, working as a chef, with a dream to inspire others.",https://placekitten.com/878/58,https://instagram.com/sherylphelps
157,177,"Passionate and photographs wildlife, working as an author, with a dream to write a best-selling novel.",https://picsum.photos/623/574,https://facebook.com/mcdonaldjennifer
158,178,"Thoughtful and is a marathon runner, working as a teacher, with a dream to inspire others.",https://dummyimage.com/102x715,https://facebook.com/ggarcia
159,179,"Thoughtful and travels the world, working as a chef, with a dream to learn something new every day.",https://dummyimage.com/397x913,https://linkedin.com/in/thompsonelizabeth
160,180,"Thoughtful and plays the guitar, working as a fitness trainer, with a dream to start a global movement.",https://picsum.photos/600/983,https://twitter.com/qhopkins
161,181,"Passionate and is a food lover, working as a designer, with a dream to lead a healthier life.",https://dummyimage.com/48x433,https://linkedin.com/in/aorozco
162,182,"Curious and travels the world, working as a software developer, with a dream to start a global movement.",https://dummyimage.com/378x923,https://facebook.com/luiswood
163,183,"Ambitious and is a marathon runner, working as a scientist, with a dream to innovate in technology.",https://placekitten.com/58/590,https://twitter.com/russellfernandez
164,184,"Passionate and is a marathon runner, working as a scientist, with a dream to explore new cultures.",https://placekitten.com/931/42,https://linkedin.com/in/navarrosarah
165,185,"Driven and writes poetry, working as a scientist, with a dream to lead a healthier life.",https://dummyimage.com/1003x469,https://facebook.com/james60
166,186,"Dedicated and writes poetry, working as an entrepreneur, with a dream to explore new cultures.",https://placekitten.com/83/297,https://twitter.com/garrettjenna
167,187,"Thoughtful and photographs wildlife, working as a fitness trainer, with a dream to learn something new every day.",https://placekitten.com/892/437,https://linkedin.com/in/tashapowell
168,188,"Curious and dances salsa, working as an author, with a dream to change the world.",https://picsum.photos/582/305,https://linkedin.com/in/johnsonstephen
169,189,"Curious and is a bookworm, working as a teacher, with a dream to start a global movement.",https://picsum.photos/525/468,https://facebook.com/michellecastillo
170,190,"Optimistic and is a food lover, working as a teacher, with a dream to learn something new every day.",https://dummyimage.com/260x568,https://facebook.com/michael38
171,191,"Creative and enjoys hiking, working as a photographer, with a dream to learn something new every day.",https://picsum.photos/111/921,https://linkedin.com/in/bobby15
172,192,"Outgoing and is a bookworm, working as a teacher, with a dream to lead a healthier life.",https://picsum.photos/473/225,https://instagram.com/floresgregory
173,193,"Passionate and photographs wildlife, working as a software developer, with a dream to change the world.",https://picsum.photos/480/730,https://linkedin.com/in/dmorton
174,194,"Ambitious and travels the world, working as a photographer, with a dream to start a global movement.",https://placekitten.com/91/811,https://instagram.com/brittany70
175,195,"Optimistic and is a food lover, working as a software developer, with a dream to build meaningful connections.",https://placekitten.com/558/834,https://facebook.com/jmorris
176,196,"Kind-hearted and loves painting, working as a designer, with a dream to create stunning art.",https://placekitten.com/8/622,https://twitter.com/imartin
177,197,"Thoughtful and is a food lover, working as a scientist, with a dream to innovate in technology.",https://picsum.photos/330/904,https://twitter.com/floresjasmine
178,198,"Outgoing and enjoys hiking, working as a musician, with a dream to explore new cultures.",https://dummyimage.com/934x854,https://instagram.com/tammybarnes
179,199,"Thoughtful and enjoys hiking, working as an entrepreneur, with a dream to change the world.",https://dummyimage.com/716x516,https://twitter.com/lindsay71
180,200,"Dedicated and is a marathon runner, working as an author, with a dream to inspire others.",https://dummyimage.com/925x386,https://twitter.com/erica10
181,201,"Thoughtful and enjoys hiking, working as a fitness trainer, with a dream to explore new cultures.",https://picsum.photos/263/184,https://linkedin.com/in/ujohnson
182,202,"Ambitious and is a marathon runner, working as a musician, with a dream to explore new cultures.",https://dummyimage.com/668x906,https://linkedin.com/in/claytonmack
183,203,"Curious and photographs wildlife, working as a photographer, with a dream to learn something new every day.",https://picsum.photos/312/204,https://instagram.com/wsalas
184,204,"Ambitious and plays the guitar, working as a scientist, with a dream to innovate in technology.",https://placekitten.com/428/302,https://twitter.com/holtjeffrey
185,205,"Passionate and is a marathon runner, working as a photographer, with a dream to change the world.",https://picsum.photos/335/819,https://linkedin.com/in/perezpatricia
186,206,"Optimistic and dances salsa, working as a chef, with a dream to inspire others.",https://dummyimage.com/129x159,https://instagram.com/marshcheryl
187,207,"Passionate and dances salsa, working as a teacher, with a dream to build meaningful connections.",https://dummyimage.com/1005x879,https://facebook.com/alec61
188,208,"Thoughtful and is a food lover, working as a chef, with a dream to innovate in technology.",https://placekitten.com/725/1002,https://instagram.com/ryanjones
189,209,"Kind-hearted and writes poetry, working as a chef, with a dream to change the world.",https://picsum.photos/940/525,https://facebook.com/keithrogers
190,210,"Thoughtful and is a food lover, working as an author, with a dream to explore new cultures.",https://picsum.photos/206/416,https://twitter.com/pcantrell
191,211,"Optimistic and writes poetry, working as a teacher, with a dream to inspire others.",https://dummyimage.com/104x441,https://instagram.com/dcardenas
192,212,"Passionate and writes poetry, working as a teacher, with a dream to explore new cultures.",https://placekitten.com/40/100,https://instagram.com/glenn00
193,213,"Passionate and travels the world, working as a software developer, with a dream to write a best-selling novel.",https://placekitten.com/352/625,https://facebook.com/shannonpena
194,214,"Driven and travels the world, working as a fitness trainer, with a dream to start a global movement.",https://picsum.photos/548/640,https://instagram.com/garciateresa
195,215,"Kind-hearted and is a bookworm, working as a scientist, with a dream to inspire others.",https://picsum.photos/638/794,https://linkedin.com/in/johnsonjoshua
196,216,"Kind-hearted and loves painting, working as a photographer, with a dream to start a global movement.",https://dummyimage.com/276x432,https://facebook.com/joelross
197,217,"Passionate and dances salsa, working as a designer, with a dream to write a best-selling novel.",https://dummyimage.com/735x266,https://instagram.com/brittney80
198,218,"Thoughtful and is a bookworm, working as a scientist, with a dream to change the world.",https://placekitten.com/471/125,https://facebook.com/kristin29
199,219,"Curious and photographs wildlife, working as a photographer, with a dream to create stunning art.",https://dummyimage.com/130x412,https://facebook.com/nunezeric
200,220,"Optimistic and travels the world, working as a photographer, with a dream to inspire others.",https://placekitten.com/51/860,https://instagram.com/christopher78
201,221,"Thoughtful and dances salsa, working as a chef, with a dream to inspire others.",https://picsum.photos/83/215,https://linkedin.com/in/jjohnson
202,222,"Kind-hearted and travels the world, working as a musician, with a dream to learn something new every day.",https://placekitten.com/329/153,https://twitter.com/john93
203,223,"Creative and photographs wildlife, working as an author, with a dream to explore new cultures.",https://placekitten.com/669/74,https://linkedin.com/in/hmann
204,224,"Kind-hearted and dances salsa, working as a teacher, with a dream to inspire others.",https://picsum.photos/142/1012,https://facebook.com/moorelisa
205,225,"Outgoing and photographs wildlife, working as a software developer, with a dream to lead a healthier life.",https://placekitten.com/549/942,https://twitter.com/kcox
206,226,"Kind-hearted and is a bookworm, working as an entrepreneur, with a dream to create stunning art.",https://picsum.photos/34/434,https://linkedin.com/in/mcclainkayla
207,227,"Dedicated and photographs wildlife, working as a musician, with a dream to build meaningful connections.",https://placekitten.com/887/45,https://facebook.com/milleramy
208,228,"Passionate and is a food lover, working as an entrepreneur, with a dream to inspire others.",https://placekitten.com/53/448,https://linkedin.com/in/john45
209,229,"Ambitious and photographs wildlife, working as a scientist, with a dream to innovate in technology.",https://picsum.photos/942/582,https://facebook.com/benjamintaylor
210,230,"Driven and is a marathon runner, working as a teacher, with a dream to learn something new every day.",https://dummyimage.com/603x279,https://linkedin.com/in/tgarcia
211,231,"Dedicated and is a marathon runner, working as a software developer, with a dream to lead a healthier life.",https://dummyimage.com/557x933,https://linkedin.com/in/jasongoodman
212,232,"Thoughtful and enjoys hiking, working as an entrepreneur, with a dream to build meaningful connections.",https://dummyimage.com/269x575,https://twitter.com/lauriecarter
213,233,"Outgoing and is a bookworm, working as a designer, with a dream to inspire others.",https://picsum.photos/826/268,https://twitter.com/thomas60
214,234,"Creative and is a bookworm, working as a teacher, with a dream to learn something new every day.",https://dummyimage.com/446x467,https://facebook.com/alan70
215,235,"Outgoing and plays the guitar, working as a musician, with a dream to learn something new every day.",https://dummyimage.com/835x370,https://twitter.com/joseph62
216,236,"Outgoing and plays the guitar, working as a teacher, with a dream to start a global movement.",https://placekitten.com/194/86,https://twitter.com/turnermelanie
217,237,"Passionate and photographs wildlife, working as a chef, with a dream to write a best-selling novel.",https://placekitten.com/14/303,https://instagram.com/martin29
218,238,"Passionate and loves painting, working as an entrepreneur, with a dream to learn something new every day.",https://placekitten.com/478/680,https://facebook.com/lanesabrina
219,239,"Ambitious and travels the world, working as a chef, with a dream to start a global movement.",https://placekitten.com/356/194,https://twitter.com/riveramatthew
220,240,"Creative and is a marathon runner, working as a designer, with a dream to explore new cultures.",https://picsum.photos/941/539,https://twitter.com/jacob03
221,241,"Creative and is a food lover, working as a software developer, with a dream to build meaningful connections.",https://dummyimage.com/156x220,https://facebook.com/rcunningham
222,242,"Outgoing and plays the guitar, working as a teacher, with a dream to build meaningful connections.",https://picsum.photos/815/267,https://twitter.com/ugonzales
223,243,"Outgoing and enjoys hiking, working as a musician, with a dream to create stunning art.",https://placekitten.com/917/725,https://linkedin.com/in/djohnson
224,244,"Dedicated and travels the world, working as a musician, with a dream to create stunning art.",https://placekitten.com/440/571,https://twitter.com/colton57
225,245,"Creative and travels the world, working as a photographer, with a dream to start a global movement.",https://picsum.photos/654/332,https://twitter.com/wilkinsshannon
226,246,"Curious and photographs wildlife, working as an author, with a dream to inspire others.",https://placekitten.com/741/140,https://twitter.com/fberg
227,247,"Driven and photographs wildlife, working as a photographer, with a dream to change the world.",https://dummyimage.com/480x100,https://facebook.com/michael14
228,248,"Passionate and enjoys hiking, working as an author, with a dream to build meaningful connections.",https://picsum.photos/767/301,https://twitter.com/tvillarreal
229,249,"Ambitious and photographs wildlife, working as a photographer, with a dream to lead a healthier life.",https://picsum.photos/143/936,https://instagram.com/victor91
230,250,"Dedicated and enjoys hiking, working as a musician, with a dream to write a best-selling novel.",https://dummyimage.com/714x142,https://instagram.com/sharon22
231,251,"Thoughtful and travels the world, working as a chef, with a dream to build meaningful connections.",https://placekitten.com/708/946,https://facebook.com/saunderschristina
232,252,"Kind-hearted and enjoys hiking, working as a designer, with a dream to create stunning art.",https://placekitten.com/167/267,https://instagram.com/bwright
233,253,"Driven and is a bookworm, working as a photographer, with a dream to write a best-selling novel.",https://picsum.photos/251/690,https://twitter.com/richardsonthomas
234,254,"Curious and dances salsa, working as a scientist, with a dream to start a global movement.",https://dummyimage.com/47x433,https://twitter.com/pleonard
235,255,"Thoughtful and plays the guitar, working as an author, with a dream to start a global movement.",https://dummyimage.com/36x986,https://facebook.com/gomezjeremiah
236,256,"Creative and enjoys hiking, working as a photographer, with a dream to change the world.",https://placekitten.com/55/888,https://twitter.com/tyoung
237,257,"Thoughtful and plays the guitar, working as a scientist, with a dream to create stunning art.",https://placekitten.com/796/194,https://instagram.com/kellermorgan
238,258,"Optimistic and is a marathon runner, working as a chef, with a dream to build meaningful connections.",https://placekitten.com/803/604,https://linkedin.com/in/oneillmargaret
239,259,"Dedicated and loves painting, working as a fitness trainer, with a dream to create stunning art.",https://picsum.photos/472/390,https://facebook.com/thomas26
240,260,"Kind-hearted and enjoys hiking, working as a teacher, with a dream to start a global movement.",https://placekitten.com/624/306,https://facebook.com/jamievang
241,261,"Outgoing and travels the world, working as an entrepreneur, with a dream to learn something new every day.",https://placekitten.com/928/252,https://twitter.com/patrickavila
242,262,"Outgoing and is a food lover, working as an entrepreneur, with a dream to write a best-selling novel.",https://dummyimage.com/372x749,https://twitter.com/briannaanderson
243,263,"Outgoing and plays the guitar, working as a software developer, with a dream to start a global movement.",https://dummyimage.com/139x136,https://instagram.com/catherine28
244,264,"Creative and loves painting, working as a musician, with a dream to create stunning art.",https://dummyimage.com/731x967,https://facebook.com/langnicole
245,265,"Outgoing and dances salsa, working as a chef, with a dream to lead a healthier life.",https://dummyimage.com/151x499,https://instagram.com/johnbridges
246,266,"Outgoing and enjoys hiking, working as a designer, with a dream to change the world.",https://picsum.photos/1004/524,https://linkedin.com/in/teresachambers
247,267,"Optimistic and loves painting, working as a scientist, with a dream to change the world.",https://placekitten.com/499/520,https://facebook.com/gnelson
248,268,"Passionate and plays the guitar, working as a teacher, with a dream to explore new cultures.",https://dummyimage.com/518x584,https://facebook.com/olynch
249,269,"Ambitious and plays the guitar, working as a musician, with a dream to create stunning art.",https://dummyimage.com/675x152,https://twitter.com/michaellarson
250,270,"Curious and writes poetry, working as a teacher, with a dream to learn something new every day.",https://placekitten.com/978/697,https://facebook.com/bsalazar
251,271,"Dedicated and writes poetry, working as a software developer, with a dream to learn something new every day.",https://dummyimage.com/1022x503,https://instagram.com/stacy66
252,272,"Dedicated and is a food lover, working as a musician, with a dream to innovate in technology.",https://placekitten.com/481/352,https://twitter.com/elizabethjohnson
253,273,"Outgoing and photographs wildlife, working as a designer, with a dream to build meaningful connections.",https://placekitten.com/516/57,https://twitter.com/allison10
254,274,"Driven and travels the world, working as an author, with a dream to change the world.",https://dummyimage.com/536x142,https://twitter.com/meganmatthews
255,275,"Optimistic and photographs wildlife, working as a designer, with a dream to innovate in technology.",https://placekitten.com/720/689,https://twitter.com/tmarshall
256,276,"Kind-hearted and plays the guitar, working as an author, with a dream to explore new cultures.",https://placekitten.com/599/652,https://instagram.com/cramos
257,277,"Optimistic and enjoys hiking, working as a teacher, with a dream to create stunning art.",https://picsum.photos/462/209,https://facebook.com/juliearnold
258,278,"Outgoing and plays the guitar, working as a teacher, with a dream to write a best-selling novel.",https://placekitten.com/579/355,https://twitter.com/thomaspierce
259,279,"Optimistic and writes poetry, working as a chef, with a dream to create stunning art.",https://dummyimage.com/404x938,https://facebook.com/lopeznicole
260,280,"Passionate and is a food lover, working as a teacher, with a dream to build meaningful connections.",https://dummyimage.com/461x69,https://instagram.com/pamela84
261,281,"Ambitious and photographs wildlife, working as a fitness trainer, with a dream to change the world.",https://dummyimage.com/765x752,https://instagram.com/alexandrawalton
262,282,"Passionate and is a bookworm, working as a teacher, with a dream to lead a healthier life.",https://placekitten.com/711/70,https://instagram.com/mooremichael
263,283,"Outgoing and plays the guitar, working as a photographer, with a dream to innovate in technology.",https://dummyimage.com/876x205,https://linkedin.com/in/emily30
264,284,"Dedicated and is a food lover, working as a teacher, with a dream to create stunning art.",https://dummyimage.com/544x464,https://instagram.com/bmyers
265,285,"Dedicated and is a food lover, working as a musician, with a dream to explore new cultures.",https://picsum.photos/398/25,https://linkedin.com/in/kellyjohnson
266,286,"Creative and is a food lover, working as a fitness trainer, with a dream to innovate in technology.",https://picsum.photos/69/593,https://facebook.com/douglasmeghan
267,287,"Optimistic and is a bookworm, working as an entrepreneur, with a dream to create stunning art.",https://picsum.photos/19/935,https://instagram.com/zwright
268,288,"Dedicated and enjoys hiking, working as a scientist, with a dream to write a best-selling novel.",https://picsum.photos/48/709,https://facebook.com/khardy
269,289,"Optimistic and dances salsa, working as an author, with a dream to innovate in technology.",https://placekitten.com/131/64,https://twitter.com/thomasevans
270,290,"Ambitious and enjoys hiking, working as an author, with a dream to write a best-selling novel.",https://picsum.photos/80/19,https://instagram.com/steven81
271,291,"Ambitious and dances salsa, working as an entrepreneur, with a dream to explore new cultures.",https://picsum.photos/944/130,https://linkedin.com/in/christopher64
272,292,"Outgoing and plays the guitar, working as an author, with a dream to learn something new every day.",https://dummyimage.com/334x705,https://facebook.com/brittany11
273,293,"Kind-hearted and is a marathon runner, working as a teacher, with a dream to build meaningful connections.",https://placekitten.com/63/104,https://linkedin.com/in/sherrytaylor
274,294,"Thoughtful and plays the guitar, working as an author, with a dream to innovate in technology.",https://placekitten.com/563/446,https://twitter.com/connorhayes
275,295,"Thoughtful and is a food lover, working as a photographer, with a dream to change the world.",https://placekitten.com/283/941,https://twitter.com/amitchell
276,296,"Driven and is a marathon runner, working as a teacher, with a dream to inspire others.",https://dummyimage.com/309x1012,https://linkedin.com/in/lewisgina
277,297,"Dedicated and plays the guitar, working as a fitness trainer, with a dream to create stunning art.",https://placekitten.com/11/922,https://instagram.com/david83
278,298,"Creative and loves painting, working as an entrepreneur, with a dream to write a best-selling novel.",https://dummyimage.com/389x987,https://facebook.com/robertwest
279,299,"Dedicated and dances salsa, working as a software developer, with a dream to change the world.",https://picsum.photos/999/715,https://instagram.com/sjenkins
280,300,"Ambitious and travels the world, working as a designer, with a dream to change the world.",https://picsum.photos/610/686,https://twitter.com/sarah99
281,301,"Outgoing and plays the guitar, working as a software developer, with a dream to learn something new every day.",https://placekitten.com/161/1024,https://twitter.com/dylanlee
282,302,"Dedicated and photographs wildlife, working as a photographer, with a dream to build meaningful connections.",https://placekitten.com/430/801,https://facebook.com/whitemark
283,303,"Passionate and is a bookworm, working as a photographer, with a dream to change the world.",https://dummyimage.com/589x621,https://linkedin.com/in/alexandertroy
284,304,"Driven and dances salsa, working as a scientist, with a dream to learn something new every day.",https://placekitten.com/902/850,https://twitter.com/jefferymartin
285,305,"Creative and plays the guitar, working as a software developer, with a dream to start a global movement.",https://picsum.photos/153/547,https://facebook.com/hilltracey
286,306,"Curious and enjoys hiking, working as a teacher, with a dream to build meaningful connections.",https://placekitten.com/205/931,https://instagram.com/kellerchristopher
287,307,"Dedicated and photographs wildlife, working as a musician, with a dream to lead a healthier life.",https://picsum.photos/947/633,https://twitter.com/laurenstewart
288,308,"Thoughtful and is a marathon runner, working as a teacher, with a dream to start a global movement.",https://dummyimage.com/200x321,https://linkedin.com/in/imiranda
289,309,"Ambitious and travels the world, working as a fitness trainer, with a dream to start a global movement.",https://placekitten.com/792/704,https://instagram.com/mason72
290,310,"Creative and travels the world, working as an author, with a dream to explore new cultures.",https://dummyimage.com/56x426,https://facebook.com/ryannoah
291,311,"Kind-hearted and photographs wildlife, working as an entrepreneur, with a dream to build meaningful connections.",https://picsum.photos/929/919,https://twitter.com/john95
292,312,"Creative and photographs wildlife, working as an author, with a dream to write a best-selling novel.",https://picsum.photos/712/929,https://twitter.com/angela26
293,313,"Thoughtful and plays the guitar, working as a musician, with a dream to lead a healthier life.",https://dummyimage.com/162x554,https://instagram.com/lesliegraham
294,314,"Passionate and writes poetry, working as a photographer, with a dream to change the world.",https://dummyimage.com/239x285,https://facebook.com/rebeccaruiz
295,315,"Optimistic and plays the guitar, working as an author, with a dream to build meaningful connections.",https://picsum.photos/233/358,https://facebook.com/shannon04
296,316,"Kind-hearted and is a food lover, working as a musician, with a dream to create stunning art.",https://picsum.photos/68/324,https://linkedin.com/in/steven85
297,317,"Ambitious and travels the world, working as a musician, with a dream to start a global movement.",https://placekitten.com/86/123,https://facebook.com/velasquezmichael
298,318,"Ambitious and is a bookworm, working as a chef, with a dream to lead a healthier life.",https://picsum.photos/740/457,https://linkedin.com/in/garciacarol
299,319,"Kind-hearted and travels the world, working as a musician, with a dream to explore new cultures.",https://placekitten.com/1015/884,https://facebook.com/morrissharon
300,320,"Curious and dances salsa, working as a teacher, with a dream to write a best-selling novel.",https://placekitten.com/412/693,https://instagram.com/pbowers
301,321,"Curious and dances salsa, working as an entrepreneur, with a dream to learn something new every day.",https://dummyimage.com/932x37,https://twitter.com/qmays
302,322,"Thoughtful and photographs wildlife, working as a musician, with a dream to innovate in technology.",https://dummyimage.com/867x1013,https://instagram.com/cmartinez
303,323,"Kind-hearted and plays the guitar, working as a chef, with a dream to create stunning art.",https://picsum.photos/169/935,https://linkedin.com/in/alexander47
304,324,"Creative and is a marathon runner, working as a teacher, with a dream to change the world.",https://picsum.photos/227/745,https://linkedin.com/in/brandon08
305,325,"Optimistic and plays the guitar, working as an author, with a dream to build meaningful connections.",https://dummyimage.com/154x137,https://instagram.com/gabriellesuarez
306,326,"Driven and plays the guitar, working as an author, with a dream to write a best-selling novel.",https://picsum.photos/264/216,https://facebook.com/davidmorales
307,327,"Kind-hearted and is a marathon runner, working as an author, with a dream to write a best-selling novel.",https://dummyimage.com/302x540,https://facebook.com/kaylagreen
308,328,"Curious and loves painting, working as a scientist, with a dream to change the world.",https://dummyimage.com/480x289,https://instagram.com/qhall
309,329,"Driven and enjoys hiking, working as a fitness trainer, with a dream to learn something new every day.",https://dummyimage.com/693x94,https://facebook.com/iflores
310,330,"Ambitious and travels the world, working as an entrepreneur, with a dream to write a best-selling novel.",https://placekitten.com/480/224,https://linkedin.com/in/tracy56
311,331,"Driven and enjoys hiking, working as a photographer, with a dream to build meaningful connections.",https://picsum.photos/809/59,https://twitter.com/alvin82
312,332,"Thoughtful and plays the guitar, working as a software developer, with a dream to inspire others.",https://picsum.photos/34/317,https://twitter.com/umercer
313,333,"Optimistic and writes poetry, working as a photographer, with a dream to change the world.",https://placekitten.com/662/521,https://facebook.com/stewartaaron
314,334,"Thoughtful and loves painting, working as an entrepreneur, with a dream to create stunning art.",https://placekitten.com/94/882,https://facebook.com/williamsondaryl
315,335,"Dedicated and enjoys hiking, working as a photographer, with a dream to start a global movement.",https://picsum.photos/700/300,https://twitter.com/pkim
316,336,"Ambitious and loves painting, working as a fitness trainer, with a dream to innovate in technology.",https://picsum.photos/742/642,https://twitter.com/millermichelle
317,337,"Driven and is a bookworm, working as a scientist, with a dream to create stunning art.",https://picsum.photos/614/969,https://linkedin.com/in/ngarcia
318,338,"Passionate and is a marathon runner, working as a musician, with a dream to inspire others.",https://dummyimage.com/748x345,https://instagram.com/jacobsonsherri
319,339,"Kind-hearted and plays the guitar, working as a chef, with a dream to innovate in technology.",https://picsum.photos/64/69,https://twitter.com/dthomas
320,340,"Kind-hearted and is a food lover, working as a designer, with a dream to explore new cultures.",https://placekitten.com/617/843,https://twitter.com/ilane
321,341,"Driven and is a food lover, working as a scientist, with a dream to create stunning art.",https://dummyimage.com/259x662,https://linkedin.com/in/james84
322,342,"Outgoing and is a food lover, working as a designer, with a dream to learn something new every day.",https://placekitten.com/560/428,https://instagram.com/jesus60
323,343,"Thoughtful and writes poetry, working as a fitness trainer, with a dream to build meaningful connections.",https://placekitten.com/614/41,https://instagram.com/howevincent
324,344,"Dedicated and loves painting, working as an entrepreneur, with a dream to change the world.",https://picsum.photos/954/74,https://twitter.com/lisaromero
325,345,"Passionate and loves painting, working as a musician, with a dream to create stunning art.",https://picsum.photos/118/861,https://twitter.com/lewisdonald
326,346,"Kind-hearted and dances salsa, working as a scientist, with a dream to inspire others.",https://placekitten.com/447/47,https://instagram.com/wendymorgan
327,347,"Dedicated and is a food lover, working as a designer, with a dream to change the world.",https://placekitten.com/733/783,https://facebook.com/wayne84
328,348,"Optimistic and is a marathon runner, working as a chef, with a dream to inspire others.",https://placekitten.com/233/926,https://instagram.com/madison81
329,349,"Passionate and writes poetry, working as a fitness trainer, with a dream to create stunning art.",https://dummyimage.com/746x1024,https://twitter.com/perryrebecca
330,350,"Thoughtful and photographs wildlife, working as a designer, with a dream to create stunning art.",https://placekitten.com/732/390,https://twitter.com/acarter
331,351,"Passionate and loves painting, working as an author, with a dream to create stunning art.",https://dummyimage.com/538x159,https://instagram.com/anthony08
332,352,"Outgoing and dances salsa, working as a software developer, with a dream to explore new cultures.",https://dummyimage.com/288x995,https://facebook.com/dawnbrown
333,353,"Creative and plays the guitar, working as a photographer, with a dream to innovate in technology.",https://picsum.photos/999/749,https://linkedin.com/in/dbenson
334,354,"Kind-hearted and enjoys hiking, working as a musician, with a dream to explore new cultures.",https://placekitten.com/532/116,https://twitter.com/lmurray
335,355,"Passionate and plays the guitar, working as a software developer, with a dream to create stunning art.",https://picsum.photos/729/112,https://twitter.com/wadeamanda
336,356,"Ambitious and plays the guitar, working as an author, with a dream to learn something new every day.",https://picsum.photos/301/903,https://twitter.com/christine95
337,357,"Driven and plays the guitar, working as an author, with a dream to change the world.",https://picsum.photos/79/1006,https://linkedin.com/in/nicoledunn
338,358,"Thoughtful and is a food lover, working as a photographer, with a dream to create stunning art.",https://picsum.photos/37/246,https://twitter.com/powelljustin
339,359,"Creative and dances salsa, working as a musician, with a dream to build meaningful connections.",https://picsum.photos/272/264,https://facebook.com/xboyer
340,360,"Dedicated and is a bookworm, working as a scientist, with a dream to lead a healthier life.",https://placekitten.com/754/921,https://linkedin.com/in/rogersdale
341,361,"Curious and is a marathon runner, working as a musician, with a dream to lead a healthier life.",https://dummyimage.com/600x98,https://twitter.com/cnguyen
342,362,"Thoughtful and loves painting, working as an author, with a dream to learn something new every day.",https://picsum.photos/878/621,https://linkedin.com/in/santoscharles
343,363,"Outgoing and enjoys hiking, working as a chef, with a dream to lead a healthier life.",https://placekitten.com/426/370,https://linkedin.com/in/reeddaniel
344,364,"Kind-hearted and writes poetry, working as a chef, with a dream to create stunning art.",https://picsum.photos/165/307,https://instagram.com/richard96
345,365,"Kind-hearted and is a marathon runner, working as an entrepreneur, with a dream to build meaningful connections.",https://picsum.photos/168/933,https://twitter.com/acruz
346,366,"Thoughtful and writes poetry, working as an entrepreneur, with a dream to lead a healthier life.",https://placekitten.com/412/22,https://facebook.com/jacob83
347,367,"Creative and is a marathon runner, working as a photographer, with a dream to change the world.",https://picsum.photos/711/331,https://linkedin.com/in/bryantnicole
348,368,"Curious and plays the guitar, working as a software developer, with a dream to lead a healthier life.",https://dummyimage.com/352x68,https://twitter.com/jordanburgess
349,369,"Dedicated and is a marathon runner, working as a musician, with a dream to learn something new every day.",https://placekitten.com/10/194,https://twitter.com/cmelendez
350,370,"Thoughtful and dances salsa, working as a scientist, with a dream to innovate in technology.",https://placekitten.com/281/126,https://linkedin.com/in/robbinsjohn
351,371,"Creative and loves painting, working as a scientist, with a dream to build meaningful connections.",https://placekitten.com/678/893,https://instagram.com/connor43
352,372,"Curious and is a marathon runner, working as a designer, with a dream to lead a healthier life.",https://dummyimage.com/1017x459,https://twitter.com/rosselizabeth
353,373,"Kind-hearted and writes poetry, working as an entrepreneur, with a dream to explore new cultures.",https://dummyimage.com/696x123,https://facebook.com/tonyjenkins
354,374,"Kind-hearted and enjoys hiking, working as a fitness trainer, with a dream to change the world.",https://dummyimage.com/707x480,https://linkedin.com/in/ewheeler
355,375,"Ambitious and is a marathon runner, working as a musician, with a dream to build meaningful connections.",https://dummyimage.com/716x855,https://facebook.com/xsmith
356,376,"Dedicated and photographs wildlife, working as a teacher, with a dream to change the world.",https://placekitten.com/863/297,https://twitter.com/molinapaul
357,377,"Optimistic and is a marathon runner, working as a photographer, with a dream to explore new cultures.",https://picsum.photos/49/577,https://twitter.com/pateljesus
358,378,"Passionate and is a food lover, working as a photographer, with a dream to innovate in technology.",https://picsum.photos/337/701,https://facebook.com/patrick76
359,379,"Outgoing and is a bookworm, working as a teacher, with a dream to write a best-selling novel.",https://placekitten.com/226/452,https://instagram.com/franciskenneth
360,380,"Creative and plays the guitar, working as a fitness trainer, with a dream to innovate in technology.",https://picsum.photos/66/105,https://linkedin.com/in/lucasrubio
361,381,"Driven and is a marathon runner, working as an author, with a dream to start a global movement.",https://placekitten.com/523/208,https://facebook.com/tonysolis
362,382,"Creative and travels the world, working as a teacher, with a dream to inspire others.",https://dummyimage.com/578x29,https://twitter.com/washingtondaniel
363,383,"Outgoing and is a marathon runner, working as an entrepreneur, with a dream to inspire others.",https://placekitten.com/348/617,https://instagram.com/pvargas
364,384,"Curious and travels the world, working as a teacher, with a dream to build meaningful connections.",https://picsum.photos/556/880,https://instagram.com/olsenmelvin
365,385,"Optimistic and photographs wildlife, working as a designer, with a dream to write a best-selling novel.",https://picsum.photos/802/490,https://linkedin.com/in/erinjohnson
366,386,"Driven and is a marathon runner, working as an author, with a dream to build meaningful connections.",https://placekitten.com/991/140,https://instagram.com/dyoung
367,387,"Kind-hearted and travels the world, working as a photographer, with a dream to explore new cultures.",https://picsum.photos/139/756,https://twitter.com/millssteven
368,388,"Driven and plays the guitar, working as an author, with a dream to inspire others.",https://picsum.photos/578/390,https://twitter.com/bvargas
369,389,"Thoughtful and is a marathon runner, working as a designer, with a dream to explore new cultures.",https://dummyimage.com/863x441,https://twitter.com/hudsonnicholas
370,390,"Dedicated and is a bookworm, working as a chef, with a dream to start a global movement.",https://placekitten.com/798/995,https://facebook.com/sarah60
371,391,"Kind-hearted and enjoys hiking, working as a software developer, with a dream to start a global movement.",https://placekitten.com/222/421,https://linkedin.com/in/robert56
372,392,"Ambitious and loves painting, working as a photographer, with a dream to start a global movement.",https://dummyimage.com/927x997,https://instagram.com/jennifer24
373,393,"Dedicated and plays the guitar, working as a designer, with a dream to inspire others.",https://placekitten.com/462/171,https://instagram.com/stephenscharles
374,394,"Thoughtful and plays the guitar, working as a chef, with a dream to lead a healthier life.",https://placekitten.com/130/654,https://twitter.com/cheyenne62
375,395,"Passionate and plays the guitar, working as a photographer, with a dream to write a best-selling novel.",https://picsum.photos/326/320,https://instagram.com/kevinroach
376,396,"Optimistic and photographs wildlife, working as a fitness trainer, with a dream to lead a healthier life.",https://dummyimage.com/302x626,https://facebook.com/rodriguezstacey
377,397,"Optimistic and dances salsa, working as a chef, with a dream to explore new cultures.",https://dummyimage.com/116x9,https://facebook.com/morrowjerome
378,398,"Thoughtful and is a food lover, working as a musician, with a dream to start a global movement.",https://dummyimage.com/962x833,https://linkedin.com/in/sandra02
379,399,"Outgoing and plays the guitar, working as a musician, with a dream to lead a healthier life.",https://placekitten.com/233/808,https://instagram.com/adamsmartha
380,400,"Passionate and writes poetry, working as a teacher, with a dream to build meaningful connections.",https://dummyimage.com/391x435,https://instagram.com/moranjohn
