UserID,NetworkName,NetworkProfileURL
2,Twitter,https://twitter.com/kimberlymcneil
3,Facebook,https://facebook.com/thowe
3,Twitter,https://twitter.com/bryanderek
4,Facebook,https://facebook.com/andersonlisa
4,Twitter,https://twitter.com/daysean
4,Instagram,https://instagram.com/sbrowning
9,Instagram,https://instagram.com/bridgetthomas
11,Facebook,https://facebook.com/brianamorales
12,Instagram,https://instagram.com/matthew91
12,LinkedIn,https://linkedin.com/in/scottfarrell
14,LinkedIn,https://linkedin.com/in/vmorris
14,Facebook,https://facebook.com/lutzbarbara
19,Instagram,https://instagram.com/wardnathaniel
21,Instagram,https://instagram.com/dmorales
25,Instagram,https://instagram.com/kimjennifer
26,LinkedIn,https://linkedin.com/in/zjohnson
26,Facebook,https://facebook.com/shellyhenderson
27,Instagram,https://instagram.com/wilkinsedward
32,LinkedIn,https://linkedin.com/in/amandasparks
32,Instagram,https://instagram.com/psummers
33,Facebook,https://facebook.com/katherine41
33,Twitter,https://twitter.com/michaelatkinson
37,Twitter,https://twitter.com/jamiemccormick
37,Instagram,https://instagram.com/hernandezfrancisco
38,LinkedIn,https://linkedin.com/in/emily80
38,Instagram,https://instagram.com/kenneth91
38,Facebook,https://facebook.com/joshuamccarthy
43,Twitter,https://twitter.com/april44
43,LinkedIn,https://linkedin.com/in/hdavid
48,LinkedIn,https://linkedin.com/in/melanie54
54,Instagram,https://instagram.com/maria93
54,LinkedIn,https://linkedin.com/in/leemorgan
55,Twitter,https://twitter.com/jamiesmith
55,Facebook,https://facebook.com/cochranalexander
55,LinkedIn,https://linkedin.com/in/meadowsjulia
58,Twitter,https://twitter.com/sherri44
59,LinkedIn,https://linkedin.com/in/reedbrian
59,Twitter,https://twitter.com/david10
59,Facebook,https://facebook.com/csnow
60,LinkedIn,https://linkedin.com/in/elee
60,Instagram,https://instagram.com/blairerica
60,Facebook,https://facebook.com/zfranco
61,LinkedIn,https://linkedin.com/in/webermelinda
61,Twitter,https://twitter.com/eringarrison
61,Instagram,https://instagram.com/lpeters
62,LinkedIn,https://linkedin.com/in/carlsontony
62,Instagram,https://instagram.com/michael29
62,Twitter,https://twitter.com/justinli
65,LinkedIn,https://linkedin.com/in/shirley41
65,Instagram,https://instagram.com/tfrank
68,Twitter,https://twitter.com/nathan27
68,LinkedIn,https://linkedin.com/in/barbara56
68,Facebook,https://facebook.com/timothygomez
72,LinkedIn,https://linkedin.com/in/pcox
72,Facebook,https://facebook.com/vdavis
73,Twitter,https://twitter.com/bcombs
73,Instagram,https://instagram.com/hernandezmichael
75,LinkedIn,https://linkedin.com/in/richardrivera
75,Facebook,https://facebook.com/amy44
77,Twitter,https://twitter.com/browneric
83,LinkedIn,https://linkedin.com/in/erin93
83,Twitter,https://twitter.com/don89
83,Facebook,https://facebook.com/akaufman
91,Twitter,https://twitter.com/danielstanton
92,Twitter,https://twitter.com/coreypayne
92,Facebook,https://facebook.com/pconley
92,Instagram,https://instagram.com/gonzalezgregory
95,LinkedIn,https://linkedin.com/in/julianhuff
95,Facebook,https://facebook.com/qduncan
97,Instagram,https://instagram.com/rsalazar
97,Facebook,https://facebook.com/seth34
97,Twitter,https://twitter.com/brianhamilton
101,LinkedIn,https://linkedin.com/in/james43
102,Twitter,https://twitter.com/eanderson
102,Facebook,https://facebook.com/dixongary
103,Twitter,https://twitter.com/eddieallen
103,LinkedIn,https://linkedin.com/in/marisabarnes
113,Twitter,https://twitter.com/michael64
114,Twitter,https://twitter.com/carneypatricia
114,Facebook,https://facebook.com/timothyjohnson
115,Twitter,https://twitter.com/william05
115,Facebook,https://facebook.com/allisonchan
116,Instagram,https://instagram.com/jacobcraig
116,LinkedIn,https://linkedin.com/in/georgeharris
116,Twitter,https://twitter.com/wmiller
119,LinkedIn,https://linkedin.com/in/vdixon
119,Facebook,https://facebook.com/maryhill
119,Instagram,https://instagram.com/cooklauren
123,Instagram,https://instagram.com/uconway
123,Twitter,https://twitter.com/lisafernandez
124,Instagram,https://instagram.com/jessicawebb
124,Twitter,https://twitter.com/trevor49
132,LinkedIn,https://linkedin.com/in/terryshaun
132,Instagram,https://instagram.com/dtaylor
133,Instagram,https://instagram.com/ramosrobert
135,Facebook,https://facebook.com/odelgado
135,LinkedIn,https://linkedin.com/in/ybecker
136,Twitter,https://twitter.com/keithwolfe
136,Facebook,https://facebook.com/ggordon
136,Instagram,https://instagram.com/hullkathy
140,LinkedIn,https://linkedin.com/in/ywalls
144,Instagram,https://instagram.com/morrischristina
149,Facebook,https://facebook.com/thomas90
149,Twitter,https://twitter.com/aaronlawrence
149,Instagram,https://instagram.com/johnbray
150,Twitter,https://twitter.com/aliciagarcia
152,Twitter,https://twitter.com/lindsey25
156,LinkedIn,https://linkedin.com/in/ybrowning
156,Facebook,https://facebook.com/rachelwilson
157,LinkedIn,https://linkedin.com/in/katrina11
160,Twitter,https://twitter.com/jonathan43
160,LinkedIn,https://linkedin.com/in/anthony43
160,Facebook,https://facebook.com/sbowers
165,Twitter,https://twitter.com/urussell
166,Instagram,https://instagram.com/uberry
170,Facebook,https://facebook.com/smithsamantha
173,Facebook,https://facebook.com/pnichols
175,LinkedIn,https://linkedin.com/in/davidcamacho
175,Facebook,https://facebook.com/stephaniemiller
177,LinkedIn,https://linkedin.com/in/cortezronald
177,Instagram,https://instagram.com/kennethtaylor
182,Facebook,https://facebook.com/dwayne05
182,Twitter,https://twitter.com/stepheningram
182,Instagram,https://instagram.com/kevin01
185,Facebook,https://facebook.com/rhondagutierrez
186,LinkedIn,https://linkedin.com/in/hahnyvonne
189,LinkedIn,https://linkedin.com/in/dmiller
192,Instagram,https://instagram.com/erincastillo
193,Facebook,https://facebook.com/qthomas
193,LinkedIn,https://linkedin.com/in/walkerbenjamin
193,Twitter,https://twitter.com/brett32
204,Facebook,https://facebook.com/jmorrison
205,Instagram,https://instagram.com/shannongallagher
205,Twitter,https://twitter.com/rodriguezjill
206,LinkedIn,https://linkedin.com/in/gutierreztaylor
206,Facebook,https://facebook.com/katherine75
210,LinkedIn,https://linkedin.com/in/michelle99
211,Twitter,https://twitter.com/lee33
216,LinkedIn,https://linkedin.com/in/fletcherdaniel
216,Instagram,https://instagram.com/pearsonrebecca
220,Twitter,https://twitter.com/hbridges
220,Facebook,https://facebook.com/brianna44
220,LinkedIn,https://linkedin.com/in/morganbrittany
233,Instagram,https://instagram.com/gallagherjoseph
233,Facebook,https://facebook.com/qmendoza
236,LinkedIn,https://linkedin.com/in/edwardslisa
236,Facebook,https://facebook.com/james73
237,Twitter,https://twitter.com/melindaanderson
239,LinkedIn,https://linkedin.com/in/michaelbenson
239,Twitter,https://twitter.com/millerdustin
240,Facebook,https://facebook.com/lowejeremy
240,Twitter,https://twitter.com/nancy78
251,Twitter,https://twitter.com/katie45
251,LinkedIn,https://linkedin.com/in/yroberts
260,LinkedIn,https://linkedin.com/in/frenchtheodore
260,Twitter,https://twitter.com/sean60
260,Facebook,https://facebook.com/woodamy
263,Twitter,https://twitter.com/lauren81
263,Instagram,https://instagram.com/brian63
264,Instagram,https://instagram.com/danielhogan
272,Twitter,https://twitter.com/fortiz
272,Instagram,https://instagram.com/amandagray
278,LinkedIn,https://linkedin.com/in/tiffanyallen
278,Instagram,https://instagram.com/michaelklein
281,Twitter,https://twitter.com/gmercado
285,Twitter,https://twitter.com/charlescook
285,LinkedIn,https://linkedin.com/in/rachel43
286,Facebook,https://facebook.com/otucker
286,Instagram,https://instagram.com/ybell
288,Twitter,https://twitter.com/housesteven
292,Twitter,https://twitter.com/dillonnicole
292,Instagram,https://instagram.com/johncarroll
292,LinkedIn,https://linkedin.com/in/wardtimothy
299,Twitter,https://twitter.com/jessica15
299,Instagram,https://instagram.com/grantsavannah
301,Twitter,https://twitter.com/olsonkristen
301,Instagram,https://instagram.com/timothyoneal
308,Twitter,https://twitter.com/maria33
309,Twitter,https://twitter.com/rfields
309,LinkedIn,https://linkedin.com/in/stacygordon
313,LinkedIn,https://linkedin.com/in/erin35
315,Twitter,https://twitter.com/rodriguezthomas
315,Instagram,https://instagram.com/barbaralin
316,Instagram,https://instagram.com/antonio73
316,LinkedIn,https://linkedin.com/in/crawfordtyler
316,Twitter,https://twitter.com/barkerchase
317,Twitter,https://twitter.com/jessicayang
317,LinkedIn,https://linkedin.com/in/murphybenjamin
318,Facebook,https://facebook.com/tammyweber
326,Twitter,https://twitter.com/dwhite
326,LinkedIn,https://linkedin.com/in/maliklopez
326,Facebook,https://facebook.com/ksmith
327,Instagram,https://instagram.com/lray
327,Facebook,https://facebook.com/kristielee
327,Twitter,https://twitter.com/williammccoy
328,Facebook,https://facebook.com/briannichols
328,Twitter,https://twitter.com/scottjefferson
332,Instagram,https://instagram.com/vparrish
332,Facebook,https://facebook.com/jennifersmith
336,LinkedIn,https://linkedin.com/in/andradetimothy
336,Instagram,https://instagram.com/walkercindy
338,Instagram,https://instagram.com/allenandrew
338,Facebook,https://facebook.com/uwilliams
340,LinkedIn,https://linkedin.com/in/nanderson
344,Facebook,https://facebook.com/kerrywilliams
350,Twitter,https://twitter.com/stacy05
350,Instagram,https://instagram.com/laurawarner
352,Instagram,https://instagram.com/ewilliams
352,LinkedIn,https://linkedin.com/in/christopherjones
354,Instagram,https://instagram.com/morriskaren
362,Instagram,https://instagram.com/emcbride
362,Twitter,https://twitter.com/megan45
363,Facebook,https://facebook.com/turnermichael
363,Instagram,https://instagram.com/travishall
363,Twitter,https://twitter.com/iharris
370,Instagram,https://instagram.com/millerricardo
370,LinkedIn,https://linkedin.com/in/timothygonzalez
377,Twitter,https://twitter.com/boothmaria
377,Instagram,https://instagram.com/rpeters
377,Facebook,https://facebook.com/pricejesse
388,Instagram,https://instagram.com/amanda43
394,Facebook,https://facebook.com/romerostacie
394,LinkedIn,https://linkedin.com/in/johnathansimon
397,Twitter,https://twitter.com/fnelson
397,Facebook,https://facebook.com/ebarron
399,Facebook,https://facebook.com/evanskevin
399,Twitter,https://twitter.com/joshuaspencer
400,Instagram,https://instagram.com/connie25
